"","Row","view","time","name"
"1",1,66184,"2015-10-01","Donald_Trump"
"2",2,43317,"2015-10-02","Donald_Trump"
"3",3,35165,"2015-10-03","Donald_Trump"
"4",4,48162,"2015-10-04","Donald_Trump"
"5",5,44634,"2015-10-05","Donald_Trump"
"6",6,36231,"2015-10-06","Donald_Trump"
"7",7,33306,"2015-10-07","Donald_Trump"
"8",8,32039,"2015-10-08","Donald_Trump"
"9",9,29426,"2015-10-09","Donald_Trump"
"10",10,27001,"2015-10-10","Donald_Trump"
"11",11,29642,"2015-10-11","Donald_Trump"
"12",12,31291,"2015-10-12","Donald_Trump"
"13",13,32553,"2015-10-13","Donald_Trump"
"14",14,47416,"2015-10-14","Donald_Trump"
"15",15,51259,"2015-10-15","Donald_Trump"
"16",16,40979,"2015-10-16","Donald_Trump"
"17",17,31160,"2015-10-17","Donald_Trump"
"18",18,31024,"2015-10-18","Donald_Trump"
"19",19,34520,"2015-10-19","Donald_Trump"
"20",20,32455,"2015-10-20","Donald_Trump"
"21",21,32529,"2015-10-21","Donald_Trump"
"22",22,33547,"2015-10-22","Donald_Trump"
"23",23,28576,"2015-10-23","Donald_Trump"
"24",24,26808,"2015-10-24","Donald_Trump"
"25",25,31748,"2015-10-25","Donald_Trump"
"26",26,52550,"2015-10-26","Donald_Trump"
"27",27,50176,"2015-10-27","Donald_Trump"
"28",28,38628,"2015-10-28","Donald_Trump"
"29",29,61329,"2015-10-29","Donald_Trump"
"30",30,42940,"2015-10-30","Donald_Trump"
"31",31,28622,"2015-10-31","Donald_Trump"
"32",32,29071,"2015-11-01","Donald_Trump"
"33",33,29706,"2015-11-02","Donald_Trump"
"34",34,33879,"2015-11-03","Donald_Trump"
"35",35,36452,"2015-11-04","Donald_Trump"
"36",36,31911,"2015-11-05","Donald_Trump"
"37",37,29258,"2015-11-06","Donald_Trump"
"38",38,26146,"2015-11-07","Donald_Trump"
"39",39,55964,"2015-11-08","Donald_Trump"
"40",40,38504,"2015-11-09","Donald_Trump"
"41",41,39495,"2015-11-10","Donald_Trump"
"42",42,60163,"2015-11-11","Donald_Trump"
"43",43,37140,"2015-11-12","Donald_Trump"
"44",44,34585,"2015-11-13","Donald_Trump"
"45",45,28241,"2015-11-14","Donald_Trump"
"46",46,33261,"2015-11-15","Donald_Trump"
"47",47,30375,"2015-11-16","Donald_Trump"
"48",48,30896,"2015-11-17","Donald_Trump"
"49",49,30446,"2015-11-18","Donald_Trump"
"50",50,35518,"2015-11-19","Donald_Trump"
"51",51,48861,"2015-11-20","Donald_Trump"
"52",52,97931,"2015-11-21","Donald_Trump"
"53",53,46723,"2015-11-22","Donald_Trump"
"54",54,41109,"2015-11-23","Donald_Trump"
"55",55,41243,"2015-11-24","Donald_Trump"
"56",56,37112,"2015-11-25","Donald_Trump"
"57",57,48248,"2015-11-26","Donald_Trump"
"58",58,43140,"2015-11-27","Donald_Trump"
"59",59,34893,"2015-11-28","Donald_Trump"
"60",60,33117,"2015-11-29","Donald_Trump"
"61",61,33779,"2015-11-30","Donald_Trump"
"62",62,53503,"2015-12-01","Donald_Trump"
"63",63,42482,"2015-12-02","Donald_Trump"
"64",64,37503,"2015-12-03","Donald_Trump"
"65",65,39042,"2015-12-04","Donald_Trump"
"66",66,43406,"2015-12-05","Donald_Trump"
"67",67,37955,"2015-12-06","Donald_Trump"
"68",68,45736,"2015-12-07","Donald_Trump"
"69",69,187642,"2015-12-08","Donald_Trump"
"70",70,223363,"2015-12-09","Donald_Trump"
"71",71,181414,"2015-12-10","Donald_Trump"
"72",72,139220,"2015-12-11","Donald_Trump"
"73",73,126868,"2015-12-12","Donald_Trump"
"74",74,106102,"2015-12-13","Donald_Trump"
"75",75,93227,"2015-12-14","Donald_Trump"
"76",76,112946,"2015-12-15","Donald_Trump"
"77",77,151062,"2015-12-16","Donald_Trump"
"78",78,114299,"2015-12-17","Donald_Trump"
"79",79,73525,"2015-12-18","Donald_Trump"
"80",80,58923,"2015-12-19","Donald_Trump"
"81",81,68075,"2015-12-20","Donald_Trump"
"82",82,95256,"2015-12-21","Donald_Trump"
"83",83,77541,"2015-12-22","Donald_Trump"
"84",84,71999,"2015-12-23","Donald_Trump"
"85",85,53978,"2015-12-24","Donald_Trump"
"86",86,55049,"2015-12-25","Donald_Trump"
"87",87,45277,"2015-12-26","Donald_Trump"
"88",88,45268,"2015-12-27","Donald_Trump"
"89",89,44391,"2015-12-28","Donald_Trump"
"90",90,50159,"2015-12-29","Donald_Trump"
"91",91,54913,"2015-12-30","Donald_Trump"
"92",92,44731,"2015-12-31","Donald_Trump"
"93",93,49319,"2016-01-01","Donald_Trump"
"94",94,49705,"2016-01-02","Donald_Trump"
"95",95,59936,"2016-01-03","Donald_Trump"
"96",96,52181,"2016-01-04","Donald_Trump"
"97",97,57707,"2016-01-05","Donald_Trump"
"98",98,63668,"2016-01-06","Donald_Trump"
"99",99,73783,"2016-01-07","Donald_Trump"
"100",100,58730,"2016-01-08","Donald_Trump"
"101",101,51790,"2016-01-09","Donald_Trump"
"102",102,60737,"2016-01-10","Donald_Trump"
"103",103,55970,"2016-01-11","Donald_Trump"
"104",104,58585,"2016-01-12","Donald_Trump"
"105",105,62678,"2016-01-13","Donald_Trump"
"106",106,72196,"2016-01-14","Donald_Trump"
"107",107,124329,"2016-01-15","Donald_Trump"
"108",108,77149,"2016-01-16","Donald_Trump"
"109",109,66781,"2016-01-17","Donald_Trump"
"110",110,87274,"2016-01-18","Donald_Trump"
"111",111,81726,"2016-01-19","Donald_Trump"
"112",112,93757,"2016-01-20","Donald_Trump"
"113",113,78926,"2016-01-21","Donald_Trump"
"114",114,67419,"2016-01-22","Donald_Trump"
"115",115,65722,"2016-01-23","Donald_Trump"
"116",116,76281,"2016-01-24","Donald_Trump"
"117",117,79032,"2016-01-25","Donald_Trump"
"118",118,103344,"2016-01-26","Donald_Trump"
"119",119,111353,"2016-01-27","Donald_Trump"
"120",120,107896,"2016-01-28","Donald_Trump"
"121",121,116904,"2016-01-29","Donald_Trump"
"122",122,79182,"2016-01-30","Donald_Trump"
"123",123,92047,"2016-01-31","Donald_Trump"
"124",124,142416,"2016-02-01","Donald_Trump"
"125",125,1126257,"2016-02-02","Donald_Trump"
"126",126,923465,"2016-02-03","Donald_Trump"
"127",127,377177,"2016-02-04","Donald_Trump"
"128",128,212087,"2016-02-05","Donald_Trump"
"129",129,134188,"2016-02-06","Donald_Trump"
"130",130,218751,"2016-02-07","Donald_Trump"
"131",131,199101,"2016-02-08","Donald_Trump"
"132",132,152293,"2016-02-09","Donald_Trump"
"133",133,323030,"2016-02-10","Donald_Trump"
"134",134,263117,"2016-02-11","Donald_Trump"
"135",135,208048,"2016-02-12","Donald_Trump"
"136",136,136674,"2016-02-13","Donald_Trump"
"137",137,165298,"2016-02-14","Donald_Trump"
"138",138,112972,"2016-02-15","Donald_Trump"
"139",139,77383,"2016-02-16","Donald_Trump"
"140",140,120530,"2016-02-17","Donald_Trump"
"141",141,177644,"2016-02-18","Donald_Trump"
"142",142,204013,"2016-02-19","Donald_Trump"
"143",143,134136,"2016-02-20","Donald_Trump"
"144",144,304797,"2016-02-21","Donald_Trump"
"145",145,353204,"2016-02-22","Donald_Trump"
"146",146,161589,"2016-02-23","Donald_Trump"
"147",147,279299,"2016-02-24","Donald_Trump"
"148",148,239255,"2016-02-25","Donald_Trump"
"149",149,375076,"2016-02-26","Donald_Trump"
"150",150,235640,"2016-02-27","Donald_Trump"
"151",151,257860,"2016-02-28","Donald_Trump"
"152",152,302397,"2016-02-29","Donald_Trump"
"153",153,409511,"2016-03-01","Donald_Trump"
"154",154,549599,"2016-03-02","Donald_Trump"
"155",155,498636,"2016-03-03","Donald_Trump"
"156",156,2368814,"2016-03-04","Donald_Trump"
"157",157,4034771,"2016-03-05","Donald_Trump"
"158",158,2989680,"2016-03-06","Donald_Trump"
"159",159,2091519,"2016-03-07","Donald_Trump"
"160",160,827165,"2016-03-08","Donald_Trump"
"161",161,675295,"2016-03-09","Donald_Trump"
"162",162,572772,"2016-03-10","Donald_Trump"
"163",163,477360,"2016-03-11","Donald_Trump"
"164",164,404631,"2016-03-12","Donald_Trump"
"165",165,417722,"2016-03-13","Donald_Trump"
"166",166,369946,"2016-03-14","Donald_Trump"
"167",167,369292,"2016-03-15","Donald_Trump"
"168",168,460921,"2016-03-16","Donald_Trump"
"169",169,303007,"2016-03-17","Donald_Trump"
"170",170,264485,"2016-03-18","Donald_Trump"
"171",171,215619,"2016-03-19","Donald_Trump"
"172",172,209466,"2016-03-20","Donald_Trump"
"173",173,218749,"2016-03-21","Donald_Trump"
"174",174,249108,"2016-03-22","Donald_Trump"
"175",175,236393,"2016-03-23","Donald_Trump"
"176",176,200596,"2016-03-24","Donald_Trump"
"177",177,196815,"2016-03-25","Donald_Trump"
"178",178,158862,"2016-03-26","Donald_Trump"
"179",179,158235,"2016-03-27","Donald_Trump"
"180",180,207236,"2016-03-28","Donald_Trump"
"181",181,183641,"2016-03-29","Donald_Trump"
"182",182,205133,"2016-03-30","Donald_Trump"
"183",183,173716,"2016-03-31","Donald_Trump"
"184",184,147965,"2016-04-01","Donald_Trump"
"185",185,112574,"2016-04-02","Donald_Trump"
"186",186,132345,"2016-04-03","Donald_Trump"
"187",187,142678,"2016-04-04","Donald_Trump"
"188",188,183689,"2016-04-05","Donald_Trump"
"189",189,152347,"2016-04-06","Donald_Trump"
"190",190,132101,"2016-04-07","Donald_Trump"
"191",191,111613,"2016-04-08","Donald_Trump"
"192",192,91470,"2016-04-09","Donald_Trump"
"193",193,108421,"2016-04-10","Donald_Trump"
"194",194,117840,"2016-04-11","Donald_Trump"
"195",195,127233,"2016-04-12","Donald_Trump"
"196",196,190818,"2016-04-13","Donald_Trump"
"197",197,108446,"2016-04-14","Donald_Trump"
"198",198,61201,"2016-04-15","Donald_Trump"
"199",199,48627,"2016-04-16","Donald_Trump"
"200",200,64481,"2016-04-17","Donald_Trump"
"201",201,73327,"2016-04-18","Donald_Trump"
"202",202,102534,"2016-04-19","Donald_Trump"
"203",203,163511,"2016-04-20","Donald_Trump"
"204",204,109991,"2016-04-21","Donald_Trump"
"205",205,84092,"2016-04-22","Donald_Trump"
"206",206,70616,"2016-04-23","Donald_Trump"
"207",207,73669,"2016-04-24","Donald_Trump"
"208",208,89044,"2016-04-25","Donald_Trump"
"209",209,95517,"2016-04-26","Donald_Trump"
"210",210,148473,"2016-04-27","Donald_Trump"
"211",211,108336,"2016-04-28","Donald_Trump"
"212",212,93945,"2016-04-29","Donald_Trump"
"213",213,76370,"2016-04-30","Donald_Trump"
"214",214,83480,"2016-05-01","Donald_Trump"
"215",215,80330,"2016-05-02","Donald_Trump"
"216",216,74420,"2016-05-03","Donald_Trump"
"217",217,288977,"2016-05-04","Donald_Trump"
"218",218,185389,"2016-05-05","Donald_Trump"
"219",219,134439,"2016-05-06","Donald_Trump"
"220",220,98271,"2016-05-07","Donald_Trump"
"221",221,97176,"2016-05-08","Donald_Trump"
"222",222,96106,"2016-05-09","Donald_Trump"
"223",223,93191,"2016-05-10","Donald_Trump"
"224",224,89183,"2016-05-11","Donald_Trump"
"225",225,86604,"2016-05-12","Donald_Trump"
"226",226,82185,"2016-05-13","Donald_Trump"
"227",227,72334,"2016-05-14","Donald_Trump"
"228",228,75553,"2016-05-15","Donald_Trump"
"229",229,92947,"2016-05-16","Donald_Trump"
"230",230,88863,"2016-05-17","Donald_Trump"
"231",231,94484,"2016-05-18","Donald_Trump"
"232",232,70391,"2016-05-19","Donald_Trump"
"233",233,61746,"2016-05-20","Donald_Trump"
"234",234,51556,"2016-05-21","Donald_Trump"
"235",235,53962,"2016-05-22","Donald_Trump"
"236",236,55265,"2016-05-23","Donald_Trump"
"237",237,54925,"2016-05-24","Donald_Trump"
"238",238,58772,"2016-05-25","Donald_Trump"
"239",239,83471,"2016-05-26","Donald_Trump"
"240",240,73885,"2016-05-27","Donald_Trump"
"241",241,60000,"2016-05-28","Donald_Trump"
"242",242,55876,"2016-05-29","Donald_Trump"
"243",243,56429,"2016-05-30","Donald_Trump"
"244",244,55818,"2016-05-31","Donald_Trump"
"245",245,61229,"2016-06-01","Donald_Trump"
"246",1,25818,"2015-10-01","Bernie_Sanders"
"247",2,20591,"2015-10-02","Bernie_Sanders"
"248",3,17683,"2015-10-03","Bernie_Sanders"
"249",4,22457,"2015-10-04","Bernie_Sanders"
"250",5,23893,"2015-10-05","Bernie_Sanders"
"251",6,22067,"2015-10-06","Bernie_Sanders"
"252",7,23528,"2015-10-07","Bernie_Sanders"
"253",8,23702,"2015-10-08","Bernie_Sanders"
"254",9,22563,"2015-10-09","Bernie_Sanders"
"255",10,22581,"2015-10-10","Bernie_Sanders"
"256",11,26494,"2015-10-11","Bernie_Sanders"
"257",12,33773,"2015-10-12","Bernie_Sanders"
"258",13,64054,"2015-10-13","Bernie_Sanders"
"259",14,394932,"2015-10-14","Bernie_Sanders"
"260",15,107519,"2015-10-15","Bernie_Sanders"
"261",16,67170,"2015-10-16","Bernie_Sanders"
"262",17,48984,"2015-10-17","Bernie_Sanders"
"263",18,58653,"2015-10-18","Bernie_Sanders"
"264",19,52821,"2015-10-19","Bernie_Sanders"
"265",20,37753,"2015-10-20","Bernie_Sanders"
"266",21,33002,"2015-10-21","Bernie_Sanders"
"267",22,35930,"2015-10-22","Bernie_Sanders"
"268",23,28370,"2015-10-23","Bernie_Sanders"
"269",24,24520,"2015-10-24","Bernie_Sanders"
"270",25,29090,"2015-10-25","Bernie_Sanders"
"271",26,27341,"2015-10-26","Bernie_Sanders"
"272",27,30344,"2015-10-27","Bernie_Sanders"
"273",28,23968,"2015-10-28","Bernie_Sanders"
"274",29,31197,"2015-10-29","Bernie_Sanders"
"275",30,20986,"2015-10-30","Bernie_Sanders"
"276",31,16513,"2015-10-31","Bernie_Sanders"
"277",32,20060,"2015-11-01","Bernie_Sanders"
"278",33,20068,"2015-11-02","Bernie_Sanders"
"279",34,24236,"2015-11-03","Bernie_Sanders"
"280",35,21141,"2015-11-04","Bernie_Sanders"
"281",36,23256,"2015-11-05","Bernie_Sanders"
"282",37,25524,"2015-11-06","Bernie_Sanders"
"283",38,28515,"2015-11-07","Bernie_Sanders"
"284",39,32140,"2015-11-08","Bernie_Sanders"
"285",40,23534,"2015-11-09","Bernie_Sanders"
"286",41,18622,"2015-11-10","Bernie_Sanders"
"287",42,22543,"2015-11-11","Bernie_Sanders"
"288",43,19471,"2015-11-12","Bernie_Sanders"
"289",44,17844,"2015-11-13","Bernie_Sanders"
"290",45,15324,"2015-11-14","Bernie_Sanders"
"291",46,68178,"2015-11-15","Bernie_Sanders"
"292",47,23736,"2015-11-16","Bernie_Sanders"
"293",48,19358,"2015-11-17","Bernie_Sanders"
"294",49,19312,"2015-11-18","Bernie_Sanders"
"295",50,19408,"2015-11-19","Bernie_Sanders"
"296",51,17412,"2015-11-20","Bernie_Sanders"
"297",52,13405,"2015-11-21","Bernie_Sanders"
"298",53,12961,"2015-11-22","Bernie_Sanders"
"299",54,14742,"2015-11-23","Bernie_Sanders"
"300",55,22856,"2015-11-24","Bernie_Sanders"
"301",56,15289,"2015-11-25","Bernie_Sanders"
"302",57,13979,"2015-11-26","Bernie_Sanders"
"303",58,11755,"2015-11-27","Bernie_Sanders"
"304",59,10701,"2015-11-28","Bernie_Sanders"
"305",60,12555,"2015-11-29","Bernie_Sanders"
"306",61,11665,"2015-11-30","Bernie_Sanders"
"307",62,13419,"2015-12-01","Bernie_Sanders"
"308",63,12538,"2015-12-02","Bernie_Sanders"
"309",64,11988,"2015-12-03","Bernie_Sanders"
"310",65,11345,"2015-12-04","Bernie_Sanders"
"311",66,9079,"2015-12-05","Bernie_Sanders"
"312",67,11565,"2015-12-06","Bernie_Sanders"
"313",68,16188,"2015-12-07","Bernie_Sanders"
"314",69,21759,"2015-12-08","Bernie_Sanders"
"315",70,33903,"2015-12-09","Bernie_Sanders"
"316",71,28291,"2015-12-10","Bernie_Sanders"
"317",72,21180,"2015-12-11","Bernie_Sanders"
"318",73,17126,"2015-12-12","Bernie_Sanders"
"319",74,16685,"2015-12-13","Bernie_Sanders"
"320",75,16084,"2015-12-14","Bernie_Sanders"
"321",76,17968,"2015-12-15","Bernie_Sanders"
"322",77,25930,"2015-12-16","Bernie_Sanders"
"323",78,21817,"2015-12-17","Bernie_Sanders"
"324",79,28892,"2015-12-18","Bernie_Sanders"
"325",80,25675,"2015-12-19","Bernie_Sanders"
"326",81,102341,"2015-12-20","Bernie_Sanders"
"327",82,28088,"2015-12-21","Bernie_Sanders"
"328",83,21907,"2015-12-22","Bernie_Sanders"
"329",84,24656,"2015-12-23","Bernie_Sanders"
"330",85,22775,"2015-12-24","Bernie_Sanders"
"331",86,19936,"2015-12-25","Bernie_Sanders"
"332",87,17852,"2015-12-26","Bernie_Sanders"
"333",88,19236,"2015-12-27","Bernie_Sanders"
"334",89,19398,"2015-12-28","Bernie_Sanders"
"335",90,17875,"2015-12-29","Bernie_Sanders"
"336",91,18149,"2015-12-30","Bernie_Sanders"
"337",92,15018,"2015-12-31","Bernie_Sanders"
"338",93,15317,"2016-01-01","Bernie_Sanders"
"339",94,16946,"2016-01-02","Bernie_Sanders"
"340",95,22220,"2016-01-03","Bernie_Sanders"
"341",96,17690,"2016-01-04","Bernie_Sanders"
"342",97,18988,"2016-01-05","Bernie_Sanders"
"343",98,25492,"2016-01-06","Bernie_Sanders"
"344",99,21674,"2016-01-07","Bernie_Sanders"
"345",100,21280,"2016-01-08","Bernie_Sanders"
"346",101,19365,"2016-01-09","Bernie_Sanders"
"347",102,24682,"2016-01-10","Bernie_Sanders"
"348",103,27955,"2016-01-11","Bernie_Sanders"
"349",104,45235,"2016-01-12","Bernie_Sanders"
"350",105,69156,"2016-01-13","Bernie_Sanders"
"351",106,43567,"2016-01-14","Bernie_Sanders"
"352",107,47570,"2016-01-15","Bernie_Sanders"
"353",108,43793,"2016-01-16","Bernie_Sanders"
"354",109,59486,"2016-01-17","Bernie_Sanders"
"355",110,189584,"2016-01-18","Bernie_Sanders"
"356",111,73815,"2016-01-19","Bernie_Sanders"
"357",112,69782,"2016-01-20","Bernie_Sanders"
"358",113,69142,"2016-01-21","Bernie_Sanders"
"359",114,69790,"2016-01-22","Bernie_Sanders"
"360",115,53173,"2016-01-23","Bernie_Sanders"
"361",116,58002,"2016-01-24","Bernie_Sanders"
"362",117,60987,"2016-01-25","Bernie_Sanders"
"363",118,128745,"2016-01-26","Bernie_Sanders"
"364",119,99325,"2016-01-27","Bernie_Sanders"
"365",120,77363,"2016-01-28","Bernie_Sanders"
"366",121,68714,"2016-01-29","Bernie_Sanders"
"367",122,57176,"2016-01-30","Bernie_Sanders"
"368",123,79527,"2016-01-31","Bernie_Sanders"
"369",124,120816,"2016-02-01","Bernie_Sanders"
"370",125,364027,"2016-02-02","Bernie_Sanders"
"371",126,146082,"2016-02-03","Bernie_Sanders"
"372",127,156164,"2016-02-04","Bernie_Sanders"
"373",128,165792,"2016-02-05","Bernie_Sanders"
"374",129,92760,"2016-02-06","Bernie_Sanders"
"375",130,131056,"2016-02-07","Bernie_Sanders"
"376",131,88444,"2016-02-08","Bernie_Sanders"
"377",132,109239,"2016-02-09","Bernie_Sanders"
"378",133,486363,"2016-02-10","Bernie_Sanders"
"379",134,180750,"2016-02-11","Bernie_Sanders"
"380",135,197445,"2016-02-12","Bernie_Sanders"
"381",136,96372,"2016-02-13","Bernie_Sanders"
"382",137,83235,"2016-02-14","Bernie_Sanders"
"383",138,73128,"2016-02-15","Bernie_Sanders"
"384",139,92194,"2016-02-16","Bernie_Sanders"
"385",140,88622,"2016-02-17","Bernie_Sanders"
"386",141,78440,"2016-02-18","Bernie_Sanders"
"387",142,83242,"2016-02-19","Bernie_Sanders"
"388",143,94459,"2016-02-20","Bernie_Sanders"
"389",144,100633,"2016-02-21","Bernie_Sanders"
"390",145,74901,"2016-02-22","Bernie_Sanders"
"391",146,62154,"2016-02-23","Bernie_Sanders"
"392",147,77337,"2016-02-24","Bernie_Sanders"
"393",148,63510,"2016-02-25","Bernie_Sanders"
"394",149,62841,"2016-02-26","Bernie_Sanders"
"395",150,55263,"2016-02-27","Bernie_Sanders"
"396",151,66937,"2016-02-28","Bernie_Sanders"
"397",152,52275,"2016-02-29","Bernie_Sanders"
"398",153,79813,"2016-03-01","Bernie_Sanders"
"399",154,145964,"2016-03-02","Bernie_Sanders"
"400",155,73108,"2016-03-03","Bernie_Sanders"
"401",156,64233,"2016-03-04","Bernie_Sanders"
"402",157,54079,"2016-03-05","Bernie_Sanders"
"403",158,71074,"2016-03-06","Bernie_Sanders"
"404",159,127054,"2016-03-07","Bernie_Sanders"
"405",160,67400,"2016-03-08","Bernie_Sanders"
"406",161,101248,"2016-03-09","Bernie_Sanders"
"407",162,97565,"2016-03-10","Bernie_Sanders"
"408",163,60323,"2016-03-11","Bernie_Sanders"
"409",164,59066,"2016-03-12","Bernie_Sanders"
"410",165,71072,"2016-03-13","Bernie_Sanders"
"411",166,89893,"2016-03-14","Bernie_Sanders"
"412",167,92523,"2016-03-15","Bernie_Sanders"
"413",168,89328,"2016-03-16","Bernie_Sanders"
"414",169,45121,"2016-03-17","Bernie_Sanders"
"415",170,39614,"2016-03-18","Bernie_Sanders"
"416",171,34379,"2016-03-19","Bernie_Sanders"
"417",172,36607,"2016-03-20","Bernie_Sanders"
"418",173,36092,"2016-03-21","Bernie_Sanders"
"419",174,39926,"2016-03-22","Bernie_Sanders"
"420",175,44304,"2016-03-23","Bernie_Sanders"
"421",176,32329,"2016-03-24","Bernie_Sanders"
"422",177,30295,"2016-03-25","Bernie_Sanders"
"423",178,54630,"2016-03-26","Bernie_Sanders"
"424",179,82714,"2016-03-27","Bernie_Sanders"
"425",180,54402,"2016-03-28","Bernie_Sanders"
"426",181,45312,"2016-03-29","Bernie_Sanders"
"427",182,41002,"2016-03-30","Bernie_Sanders"
"428",183,40610,"2016-03-31","Bernie_Sanders"
"429",184,41345,"2016-04-01","Bernie_Sanders"
"430",185,38946,"2016-04-02","Bernie_Sanders"
"431",186,35888,"2016-04-03","Bernie_Sanders"
"432",187,34814,"2016-04-04","Bernie_Sanders"
"433",188,42663,"2016-04-05","Bernie_Sanders"
"434",189,89895,"2016-04-06","Bernie_Sanders"
"435",190,62453,"2016-04-07","Bernie_Sanders"
"436",191,62515,"2016-04-08","Bernie_Sanders"
"437",192,48780,"2016-04-09","Bernie_Sanders"
"438",193,55075,"2016-04-10","Bernie_Sanders"
"439",194,44791,"2016-04-11","Bernie_Sanders"
"440",195,39109,"2016-04-12","Bernie_Sanders"
"441",196,39553,"2016-04-13","Bernie_Sanders"
"442",197,55595,"2016-04-14","Bernie_Sanders"
"443",198,94494,"2016-04-15","Bernie_Sanders"
"444",199,59401,"2016-04-16","Bernie_Sanders"
"445",200,51122,"2016-04-17","Bernie_Sanders"
"446",201,50731,"2016-04-18","Bernie_Sanders"
"447",202,63932,"2016-04-19","Bernie_Sanders"
"448",203,62563,"2016-04-20","Bernie_Sanders"
"449",204,32177,"2016-04-21","Bernie_Sanders"
"450",205,22439,"2016-04-22","Bernie_Sanders"
"451",206,18504,"2016-04-23","Bernie_Sanders"
"452",207,21732,"2016-04-24","Bernie_Sanders"
"453",208,23352,"2016-04-25","Bernie_Sanders"
"454",209,28658,"2016-04-26","Bernie_Sanders"
"455",210,37973,"2016-04-27","Bernie_Sanders"
"456",211,24625,"2016-04-28","Bernie_Sanders"
"457",212,21330,"2016-04-29","Bernie_Sanders"
"458",213,15956,"2016-04-30","Bernie_Sanders"
"459",214,20112,"2016-05-01","Bernie_Sanders"
"460",215,20497,"2016-05-02","Bernie_Sanders"
"461",216,22071,"2016-05-03","Bernie_Sanders"
"462",217,58233,"2016-05-04","Bernie_Sanders"
"463",218,35232,"2016-05-05","Bernie_Sanders"
"464",219,26124,"2016-05-06","Bernie_Sanders"
"465",220,23413,"2016-05-07","Bernie_Sanders"
"466",221,23021,"2016-05-08","Bernie_Sanders"
"467",222,22860,"2016-05-09","Bernie_Sanders"
"468",223,24708,"2016-05-10","Bernie_Sanders"
"469",224,39313,"2016-05-11","Bernie_Sanders"
"470",225,22765,"2016-05-12","Bernie_Sanders"
"471",226,18453,"2016-05-13","Bernie_Sanders"
"472",227,15690,"2016-05-14","Bernie_Sanders"
"473",228,17778,"2016-05-15","Bernie_Sanders"
"474",229,19901,"2016-05-16","Bernie_Sanders"
"475",230,23479,"2016-05-17","Bernie_Sanders"
"476",231,36762,"2016-05-18","Bernie_Sanders"
"477",232,25963,"2016-05-19","Bernie_Sanders"
"478",233,19513,"2016-05-20","Bernie_Sanders"
"479",234,16116,"2016-05-21","Bernie_Sanders"
"480",235,21274,"2016-05-22","Bernie_Sanders"
"481",236,21754,"2016-05-23","Bernie_Sanders"
"482",237,22009,"2016-05-24","Bernie_Sanders"
"483",238,20034,"2016-05-25","Bernie_Sanders"
"484",239,24183,"2016-05-26","Bernie_Sanders"
"485",240,25912,"2016-05-27","Bernie_Sanders"
"486",241,26391,"2016-05-28","Bernie_Sanders"
"487",242,23651,"2016-05-29","Bernie_Sanders"
"488",243,20877,"2016-05-30","Bernie_Sanders"
"489",244,22820,"2016-05-31","Bernie_Sanders"
"490",245,19442,"2016-06-01","Bernie_Sanders"
"491",1,29442,"2015-10-01","Barack_Obama"
"492",2,35124,"2015-10-02","Barack_Obama"
"493",3,28251,"2015-10-03","Barack_Obama"
"494",4,34347,"2015-10-04","Barack_Obama"
"495",5,32527,"2015-10-05","Barack_Obama"
"496",6,29494,"2015-10-06","Barack_Obama"
"497",7,30702,"2015-10-07","Barack_Obama"
"498",8,28807,"2015-10-08","Barack_Obama"
"499",9,26387,"2015-10-09","Barack_Obama"
"500",10,24590,"2015-10-10","Barack_Obama"
"501",11,34962,"2015-10-11","Barack_Obama"
"502",12,41542,"2015-10-12","Barack_Obama"
"503",13,33109,"2015-10-13","Barack_Obama"
"504",14,37614,"2015-10-14","Barack_Obama"
"505",15,30804,"2015-10-15","Barack_Obama"
"506",16,27865,"2015-10-16","Barack_Obama"
"507",17,23358,"2015-10-17","Barack_Obama"
"508",18,25623,"2015-10-18","Barack_Obama"
"509",19,28632,"2015-10-19","Barack_Obama"
"510",20,32915,"2015-10-20","Barack_Obama"
"511",21,31597,"2015-10-21","Barack_Obama"
"512",22,30535,"2015-10-22","Barack_Obama"
"513",23,26448,"2015-10-23","Barack_Obama"
"514",24,22129,"2015-10-24","Barack_Obama"
"515",25,23056,"2015-10-25","Barack_Obama"
"516",26,25150,"2015-10-26","Barack_Obama"
"517",27,26057,"2015-10-27","Barack_Obama"
"518",28,35904,"2015-10-28","Barack_Obama"
"519",29,29615,"2015-10-29","Barack_Obama"
"520",30,24048,"2015-10-30","Barack_Obama"
"521",31,20529,"2015-10-31","Barack_Obama"
"522",32,22396,"2015-11-01","Barack_Obama"
"523",33,26883,"2015-11-02","Barack_Obama"
"524",34,31307,"2015-11-03","Barack_Obama"
"525",35,30037,"2015-11-04","Barack_Obama"
"526",36,27812,"2015-11-05","Barack_Obama"
"527",37,26750,"2015-11-06","Barack_Obama"
"528",38,23945,"2015-11-07","Barack_Obama"
"529",39,24750,"2015-11-08","Barack_Obama"
"530",40,28096,"2015-11-09","Barack_Obama"
"531",41,29184,"2015-11-10","Barack_Obama"
"532",42,28972,"2015-11-11","Barack_Obama"
"533",43,26503,"2015-11-12","Barack_Obama"
"534",44,24624,"2015-11-13","Barack_Obama"
"535",45,30391,"2015-11-14","Barack_Obama"
"536",46,32686,"2015-11-15","Barack_Obama"
"537",47,37106,"2015-11-16","Barack_Obama"
"538",48,41971,"2015-11-17","Barack_Obama"
"539",49,40790,"2015-11-18","Barack_Obama"
"540",50,38957,"2015-11-19","Barack_Obama"
"541",51,35506,"2015-11-20","Barack_Obama"
"542",52,31803,"2015-11-21","Barack_Obama"
"543",53,32780,"2015-11-22","Barack_Obama"
"544",54,33683,"2015-11-23","Barack_Obama"
"545",55,32278,"2015-11-24","Barack_Obama"
"546",56,30930,"2015-11-25","Barack_Obama"
"547",57,33739,"2015-11-26","Barack_Obama"
"548",58,26742,"2015-11-27","Barack_Obama"
"549",59,24745,"2015-11-28","Barack_Obama"
"550",60,26682,"2015-11-29","Barack_Obama"
"551",61,28952,"2015-11-30","Barack_Obama"
"552",62,29879,"2015-12-01","Barack_Obama"
"553",63,29045,"2015-12-02","Barack_Obama"
"554",64,32281,"2015-12-03","Barack_Obama"
"555",65,34636,"2015-12-04","Barack_Obama"
"556",66,28089,"2015-12-05","Barack_Obama"
"557",67,30440,"2015-12-06","Barack_Obama"
"558",68,49388,"2015-12-07","Barack_Obama"
"559",69,44294,"2015-12-08","Barack_Obama"
"560",70,45120,"2015-12-09","Barack_Obama"
"561",71,37960,"2015-12-10","Barack_Obama"
"562",72,33222,"2015-12-11","Barack_Obama"
"563",73,28254,"2015-12-12","Barack_Obama"
"564",74,30848,"2015-12-13","Barack_Obama"
"565",75,37906,"2015-12-14","Barack_Obama"
"566",76,31832,"2015-12-15","Barack_Obama"
"567",77,37752,"2015-12-16","Barack_Obama"
"568",78,29782,"2015-12-17","Barack_Obama"
"569",79,32274,"2015-12-18","Barack_Obama"
"570",80,27739,"2015-12-19","Barack_Obama"
"571",81,48117,"2015-12-20","Barack_Obama"
"572",82,31609,"2015-12-21","Barack_Obama"
"573",83,27269,"2015-12-22","Barack_Obama"
"574",84,24894,"2015-12-23","Barack_Obama"
"575",85,22465,"2015-12-24","Barack_Obama"
"576",86,22877,"2015-12-25","Barack_Obama"
"577",87,25474,"2015-12-26","Barack_Obama"
"578",88,23848,"2015-12-27","Barack_Obama"
"579",89,22726,"2015-12-28","Barack_Obama"
"580",90,22982,"2015-12-29","Barack_Obama"
"581",91,23780,"2015-12-30","Barack_Obama"
"582",92,26204,"2015-12-31","Barack_Obama"
"583",93,26166,"2016-01-01","Barack_Obama"
"584",94,30651,"2016-01-02","Barack_Obama"
"585",95,31395,"2016-01-03","Barack_Obama"
"586",96,29989,"2016-01-04","Barack_Obama"
"587",97,39443,"2016-01-05","Barack_Obama"
"588",98,43359,"2016-01-06","Barack_Obama"
"589",99,34401,"2016-01-07","Barack_Obama"
"590",100,35558,"2016-01-08","Barack_Obama"
"591",101,27895,"2016-01-09","Barack_Obama"
"592",102,30057,"2016-01-10","Barack_Obama"
"593",103,29914,"2016-01-11","Barack_Obama"
"594",104,37043,"2016-01-12","Barack_Obama"
"595",105,102339,"2016-01-13","Barack_Obama"
"596",106,54080,"2016-01-14","Barack_Obama"
"597",107,45170,"2016-01-15","Barack_Obama"
"598",108,38804,"2016-01-16","Barack_Obama"
"599",109,39823,"2016-01-17","Barack_Obama"
"600",110,43868,"2016-01-18","Barack_Obama"
"601",111,40486,"2016-01-19","Barack_Obama"
"602",112,38653,"2016-01-20","Barack_Obama"
"603",113,35508,"2016-01-21","Barack_Obama"
"604",114,31347,"2016-01-22","Barack_Obama"
"605",115,28328,"2016-01-23","Barack_Obama"
"606",116,31291,"2016-01-24","Barack_Obama"
"607",117,31666,"2016-01-25","Barack_Obama"
"608",118,35489,"2016-01-26","Barack_Obama"
"609",119,38200,"2016-01-27","Barack_Obama"
"610",120,36143,"2016-01-28","Barack_Obama"
"611",121,34015,"2016-01-29","Barack_Obama"
"612",122,28010,"2016-01-30","Barack_Obama"
"613",123,32511,"2016-01-31","Barack_Obama"
"614",124,40019,"2016-02-01","Barack_Obama"
"615",125,60929,"2016-02-02","Barack_Obama"
"616",126,43575,"2016-02-03","Barack_Obama"
"617",127,43012,"2016-02-04","Barack_Obama"
"618",128,39308,"2016-02-05","Barack_Obama"
"619",129,29192,"2016-02-06","Barack_Obama"
"620",130,36964,"2016-02-07","Barack_Obama"
"621",131,35879,"2016-02-08","Barack_Obama"
"622",132,38342,"2016-02-09","Barack_Obama"
"623",133,52600,"2016-02-10","Barack_Obama"
"624",134,41518,"2016-02-11","Barack_Obama"
"625",135,38904,"2016-02-12","Barack_Obama"
"626",136,35887,"2016-02-13","Barack_Obama"
"627",137,48557,"2016-02-14","Barack_Obama"
"628",138,46698,"2016-02-15","Barack_Obama"
"629",139,47491,"2016-02-16","Barack_Obama"
"630",140,49374,"2016-02-17","Barack_Obama"
"631",141,44616,"2016-02-18","Barack_Obama"
"632",142,42146,"2016-02-19","Barack_Obama"
"633",143,34059,"2016-02-20","Barack_Obama"
"634",144,48873,"2016-02-21","Barack_Obama"
"635",145,50100,"2016-02-22","Barack_Obama"
"636",146,49416,"2016-02-23","Barack_Obama"
"637",147,47079,"2016-02-24","Barack_Obama"
"638",148,41397,"2016-02-25","Barack_Obama"
"639",149,42751,"2016-02-26","Barack_Obama"
"640",150,34074,"2016-02-27","Barack_Obama"
"641",151,38684,"2016-02-28","Barack_Obama"
"642",152,39797,"2016-02-29","Barack_Obama"
"643",153,43899,"2016-03-01","Barack_Obama"
"644",154,64109,"2016-03-02","Barack_Obama"
"645",155,48559,"2016-03-03","Barack_Obama"
"646",156,47458,"2016-03-04","Barack_Obama"
"647",157,37051,"2016-03-05","Barack_Obama"
"648",158,52412,"2016-03-06","Barack_Obama"
"649",159,55198,"2016-03-07","Barack_Obama"
"650",160,39358,"2016-03-08","Barack_Obama"
"651",161,43298,"2016-03-09","Barack_Obama"
"652",162,43314,"2016-03-10","Barack_Obama"
"653",163,48691,"2016-03-11","Barack_Obama"
"654",164,46356,"2016-03-12","Barack_Obama"
"655",165,44452,"2016-03-13","Barack_Obama"
"656",166,43686,"2016-03-14","Barack_Obama"
"657",167,49236,"2016-03-15","Barack_Obama"
"658",168,65630,"2016-03-16","Barack_Obama"
"659",169,46865,"2016-03-17","Barack_Obama"
"660",170,37013,"2016-03-18","Barack_Obama"
"661",171,31721,"2016-03-19","Barack_Obama"
"662",172,39117,"2016-03-20","Barack_Obama"
"663",173,48848,"2016-03-21","Barack_Obama"
"664",174,50235,"2016-03-22","Barack_Obama"
"665",175,50453,"2016-03-23","Barack_Obama"
"666",176,42751,"2016-03-24","Barack_Obama"
"667",177,34149,"2016-03-25","Barack_Obama"
"668",178,29820,"2016-03-26","Barack_Obama"
"669",179,36168,"2016-03-27","Barack_Obama"
"670",180,34043,"2016-03-28","Barack_Obama"
"671",181,33991,"2016-03-29","Barack_Obama"
"672",182,33377,"2016-03-30","Barack_Obama"
"673",183,30449,"2016-03-31","Barack_Obama"
"674",184,30041,"2016-04-01","Barack_Obama"
"675",185,28362,"2016-04-02","Barack_Obama"
"676",186,27649,"2016-04-03","Barack_Obama"
"677",187,29520,"2016-04-04","Barack_Obama"
"678",188,33024,"2016-04-05","Barack_Obama"
"679",189,33425,"2016-04-06","Barack_Obama"
"680",190,31165,"2016-04-07","Barack_Obama"
"681",191,28876,"2016-04-08","Barack_Obama"
"682",192,25190,"2016-04-09","Barack_Obama"
"683",193,26365,"2016-04-10","Barack_Obama"
"684",194,28880,"2016-04-11","Barack_Obama"
"685",195,26467,"2016-04-12","Barack_Obama"
"686",196,25462,"2016-04-13","Barack_Obama"
"687",197,25828,"2016-04-14","Barack_Obama"
"688",198,25335,"2016-04-15","Barack_Obama"
"689",199,21935,"2016-04-16","Barack_Obama"
"690",200,23663,"2016-04-17","Barack_Obama"
"691",201,26294,"2016-04-18","Barack_Obama"
"692",202,29046,"2016-04-19","Barack_Obama"
"693",203,33923,"2016-04-20","Barack_Obama"
"694",204,30524,"2016-04-21","Barack_Obama"
"695",205,37881,"2016-04-22","Barack_Obama"
"696",206,34815,"2016-04-23","Barack_Obama"
"697",207,35820,"2016-04-24","Barack_Obama"
"698",208,34902,"2016-04-25","Barack_Obama"
"699",209,29575,"2016-04-26","Barack_Obama"
"700",210,34297,"2016-04-27","Barack_Obama"
"701",211,30080,"2016-04-28","Barack_Obama"
"702",212,28910,"2016-04-29","Barack_Obama"
"703",213,25277,"2016-04-30","Barack_Obama"
"704",214,83580,"2016-05-01","Barack_Obama"
"705",215,77608,"2016-05-02","Barack_Obama"
"706",216,53453,"2016-05-03","Barack_Obama"
"707",217,55854,"2016-05-04","Barack_Obama"
"708",218,46527,"2016-05-05","Barack_Obama"
"709",219,40432,"2016-05-06","Barack_Obama"
"710",220,38759,"2016-05-07","Barack_Obama"
"711",221,43226,"2016-05-08","Barack_Obama"
"712",222,38802,"2016-05-09","Barack_Obama"
"713",223,34989,"2016-05-10","Barack_Obama"
"714",224,35205,"2016-05-11","Barack_Obama"
"715",225,32509,"2016-05-12","Barack_Obama"
"716",226,30290,"2016-05-13","Barack_Obama"
"717",227,25399,"2016-05-14","Barack_Obama"
"718",228,28995,"2016-05-15","Barack_Obama"
"719",229,35981,"2016-05-16","Barack_Obama"
"720",230,33310,"2016-05-17","Barack_Obama"
"721",231,32555,"2016-05-18","Barack_Obama"
"722",232,29284,"2016-05-19","Barack_Obama"
"723",233,27335,"2016-05-20","Barack_Obama"
"724",234,22260,"2016-05-21","Barack_Obama"
"725",235,25590,"2016-05-22","Barack_Obama"
"726",236,32035,"2016-05-23","Barack_Obama"
"727",237,33062,"2016-05-24","Barack_Obama"
"728",238,31909,"2016-05-25","Barack_Obama"
"729",239,33763,"2016-05-26","Barack_Obama"
"730",240,33851,"2016-05-27","Barack_Obama"
"731",241,25954,"2016-05-28","Barack_Obama"
"732",242,24495,"2016-05-29","Barack_Obama"
"733",243,26714,"2016-05-30","Barack_Obama"
"734",244,26355,"2016-05-31","Barack_Obama"
"735",245,25470,"2016-06-01","Barack_Obama"
"736",1,11497,"2015-10-01","Hillary_Clinton"
"737",2,10223,"2015-10-02","Hillary_Clinton"
"738",3,8411,"2015-10-03","Hillary_Clinton"
"739",4,13767,"2015-10-04","Hillary_Clinton"
"740",5,15780,"2015-10-05","Hillary_Clinton"
"741",6,12740,"2015-10-06","Hillary_Clinton"
"742",7,14933,"2015-10-07","Hillary_Clinton"
"743",8,14869,"2015-10-08","Hillary_Clinton"
"744",9,11648,"2015-10-09","Hillary_Clinton"
"745",10,9359,"2015-10-10","Hillary_Clinton"
"746",11,11570,"2015-10-11","Hillary_Clinton"
"747",12,13920,"2015-10-12","Hillary_Clinton"
"748",13,20038,"2015-10-13","Hillary_Clinton"
"749",14,98079,"2015-10-14","Hillary_Clinton"
"750",15,30089,"2015-10-15","Hillary_Clinton"
"751",16,20158,"2015-10-16","Hillary_Clinton"
"752",17,15623,"2015-10-17","Hillary_Clinton"
"753",18,15510,"2015-10-18","Hillary_Clinton"
"754",19,16116,"2015-10-19","Hillary_Clinton"
"755",20,16311,"2015-10-20","Hillary_Clinton"
"756",21,19197,"2015-10-21","Hillary_Clinton"
"757",22,39542,"2015-10-22","Hillary_Clinton"
"758",23,39708,"2015-10-23","Hillary_Clinton"
"759",24,23337,"2015-10-24","Hillary_Clinton"
"760",25,20793,"2015-10-25","Hillary_Clinton"
"761",26,22095,"2015-10-26","Hillary_Clinton"
"762",27,17895,"2015-10-27","Hillary_Clinton"
"763",28,18104,"2015-10-28","Hillary_Clinton"
"764",29,18041,"2015-10-29","Hillary_Clinton"
"765",30,14320,"2015-10-30","Hillary_Clinton"
"766",31,11649,"2015-10-31","Hillary_Clinton"
"767",32,10418,"2015-11-01","Hillary_Clinton"
"768",33,11655,"2015-11-02","Hillary_Clinton"
"769",34,12562,"2015-11-03","Hillary_Clinton"
"770",35,12704,"2015-11-04","Hillary_Clinton"
"771",36,11746,"2015-11-05","Hillary_Clinton"
"772",37,12976,"2015-11-06","Hillary_Clinton"
"773",38,21515,"2015-11-07","Hillary_Clinton"
"774",39,12481,"2015-11-08","Hillary_Clinton"
"775",40,11785,"2015-11-09","Hillary_Clinton"
"776",41,11226,"2015-11-10","Hillary_Clinton"
"777",42,13500,"2015-11-11","Hillary_Clinton"
"778",43,12354,"2015-11-12","Hillary_Clinton"
"779",44,12454,"2015-11-13","Hillary_Clinton"
"780",45,10289,"2015-11-14","Hillary_Clinton"
"781",46,31216,"2015-11-15","Hillary_Clinton"
"782",47,14173,"2015-11-16","Hillary_Clinton"
"783",48,12296,"2015-11-17","Hillary_Clinton"
"784",49,11708,"2015-11-18","Hillary_Clinton"
"785",50,12098,"2015-11-19","Hillary_Clinton"
"786",51,10633,"2015-11-20","Hillary_Clinton"
"787",52,10187,"2015-11-21","Hillary_Clinton"
"788",53,10081,"2015-11-22","Hillary_Clinton"
"789",54,10314,"2015-11-23","Hillary_Clinton"
"790",55,9899,"2015-11-24","Hillary_Clinton"
"791",56,7698,"2015-11-25","Hillary_Clinton"
"792",57,7710,"2015-11-26","Hillary_Clinton"
"793",58,7368,"2015-11-27","Hillary_Clinton"
"794",59,7125,"2015-11-28","Hillary_Clinton"
"795",60,7931,"2015-11-29","Hillary_Clinton"
"796",61,8917,"2015-11-30","Hillary_Clinton"
"797",62,9839,"2015-12-01","Hillary_Clinton"
"798",63,10382,"2015-12-02","Hillary_Clinton"
"799",64,9267,"2015-12-03","Hillary_Clinton"
"800",65,8337,"2015-12-04","Hillary_Clinton"
"801",66,6843,"2015-12-05","Hillary_Clinton"
"802",67,8047,"2015-12-06","Hillary_Clinton"
"803",68,10059,"2015-12-07","Hillary_Clinton"
"804",69,14286,"2015-12-08","Hillary_Clinton"
"805",70,15351,"2015-12-09","Hillary_Clinton"
"806",71,13818,"2015-12-10","Hillary_Clinton"
"807",72,13706,"2015-12-11","Hillary_Clinton"
"808",73,11211,"2015-12-12","Hillary_Clinton"
"809",74,10745,"2015-12-13","Hillary_Clinton"
"810",75,11613,"2015-12-14","Hillary_Clinton"
"811",76,11598,"2015-12-15","Hillary_Clinton"
"812",77,19288,"2015-12-16","Hillary_Clinton"
"813",78,12394,"2015-12-17","Hillary_Clinton"
"814",79,10995,"2015-12-18","Hillary_Clinton"
"815",80,10886,"2015-12-19","Hillary_Clinton"
"816",81,37383,"2015-12-20","Hillary_Clinton"
"817",82,17255,"2015-12-21","Hillary_Clinton"
"818",83,16753,"2015-12-22","Hillary_Clinton"
"819",84,15670,"2015-12-23","Hillary_Clinton"
"820",85,11806,"2015-12-24","Hillary_Clinton"
"821",86,9864,"2015-12-25","Hillary_Clinton"
"822",87,10263,"2015-12-26","Hillary_Clinton"
"823",88,11491,"2015-12-27","Hillary_Clinton"
"824",89,12291,"2015-12-28","Hillary_Clinton"
"825",90,12063,"2015-12-29","Hillary_Clinton"
"826",91,11942,"2015-12-30","Hillary_Clinton"
"827",92,9835,"2015-12-31","Hillary_Clinton"
"828",93,15621,"2016-01-01","Hillary_Clinton"
"829",94,10885,"2016-01-02","Hillary_Clinton"
"830",95,11333,"2016-01-03","Hillary_Clinton"
"831",96,14466,"2016-01-04","Hillary_Clinton"
"832",97,15422,"2016-01-05","Hillary_Clinton"
"833",98,14035,"2016-01-06","Hillary_Clinton"
"834",99,13578,"2016-01-07","Hillary_Clinton"
"835",100,13496,"2016-01-08","Hillary_Clinton"
"836",101,11626,"2016-01-09","Hillary_Clinton"
"837",102,13270,"2016-01-10","Hillary_Clinton"
"838",103,14690,"2016-01-11","Hillary_Clinton"
"839",104,17360,"2016-01-12","Hillary_Clinton"
"840",105,25324,"2016-01-13","Hillary_Clinton"
"841",106,17564,"2016-01-14","Hillary_Clinton"
"842",107,21742,"2016-01-15","Hillary_Clinton"
"843",108,16580,"2016-01-16","Hillary_Clinton"
"844",109,20040,"2016-01-17","Hillary_Clinton"
"845",110,52959,"2016-01-18","Hillary_Clinton"
"846",111,23837,"2016-01-19","Hillary_Clinton"
"847",112,22432,"2016-01-20","Hillary_Clinton"
"848",113,19483,"2016-01-21","Hillary_Clinton"
"849",114,18955,"2016-01-22","Hillary_Clinton"
"850",115,15998,"2016-01-23","Hillary_Clinton"
"851",116,18591,"2016-01-24","Hillary_Clinton"
"852",117,18489,"2016-01-25","Hillary_Clinton"
"853",118,33665,"2016-01-26","Hillary_Clinton"
"854",119,22351,"2016-01-27","Hillary_Clinton"
"855",120,21770,"2016-01-28","Hillary_Clinton"
"856",121,23935,"2016-01-29","Hillary_Clinton"
"857",122,24347,"2016-01-30","Hillary_Clinton"
"858",123,27261,"2016-01-31","Hillary_Clinton"
"859",124,36520,"2016-02-01","Hillary_Clinton"
"860",125,94925,"2016-02-02","Hillary_Clinton"
"861",126,44607,"2016-02-03","Hillary_Clinton"
"862",127,50031,"2016-02-04","Hillary_Clinton"
"863",128,49759,"2016-02-05","Hillary_Clinton"
"864",129,29302,"2016-02-06","Hillary_Clinton"
"865",130,30355,"2016-02-07","Hillary_Clinton"
"866",131,26762,"2016-02-08","Hillary_Clinton"
"867",132,34324,"2016-02-09","Hillary_Clinton"
"868",133,65709,"2016-02-10","Hillary_Clinton"
"869",134,37149,"2016-02-11","Hillary_Clinton"
"870",135,64277,"2016-02-12","Hillary_Clinton"
"871",136,28868,"2016-02-13","Hillary_Clinton"
"872",137,53962,"2016-02-14","Hillary_Clinton"
"873",138,23522,"2016-02-15","Hillary_Clinton"
"874",139,24670,"2016-02-16","Hillary_Clinton"
"875",140,24299,"2016-02-17","Hillary_Clinton"
"876",141,22511,"2016-02-18","Hillary_Clinton"
"877",142,25459,"2016-02-19","Hillary_Clinton"
"878",143,26822,"2016-02-20","Hillary_Clinton"
"879",144,49695,"2016-02-21","Hillary_Clinton"
"880",145,32147,"2016-02-22","Hillary_Clinton"
"881",146,27208,"2016-02-23","Hillary_Clinton"
"882",147,38339,"2016-02-24","Hillary_Clinton"
"883",148,27834,"2016-02-25","Hillary_Clinton"
"884",149,30515,"2016-02-26","Hillary_Clinton"
"885",150,28671,"2016-02-27","Hillary_Clinton"
"886",151,52715,"2016-02-28","Hillary_Clinton"
"887",152,33299,"2016-02-29","Hillary_Clinton"
"888",153,48556,"2016-03-01","Hillary_Clinton"
"889",154,113285,"2016-03-02","Hillary_Clinton"
"890",155,54817,"2016-03-03","Hillary_Clinton"
"891",156,43927,"2016-03-04","Hillary_Clinton"
"892",157,36728,"2016-03-05","Hillary_Clinton"
"893",158,53203,"2016-03-06","Hillary_Clinton"
"894",159,71456,"2016-03-07","Hillary_Clinton"
"895",160,41022,"2016-03-08","Hillary_Clinton"
"896",161,51076,"2016-03-09","Hillary_Clinton"
"897",162,52085,"2016-03-10","Hillary_Clinton"
"898",163,38134,"2016-03-11","Hillary_Clinton"
"899",164,33070,"2016-03-12","Hillary_Clinton"
"900",165,36821,"2016-03-13","Hillary_Clinton"
"901",166,46168,"2016-03-14","Hillary_Clinton"
"902",167,50521,"2016-03-15","Hillary_Clinton"
"903",168,97243,"2016-03-16","Hillary_Clinton"
"904",169,44696,"2016-03-17","Hillary_Clinton"
"905",170,33650,"2016-03-18","Hillary_Clinton"
"906",171,25460,"2016-03-19","Hillary_Clinton"
"907",172,25602,"2016-03-20","Hillary_Clinton"
"908",173,28712,"2016-03-21","Hillary_Clinton"
"909",174,32954,"2016-03-22","Hillary_Clinton"
"910",175,34989,"2016-03-23","Hillary_Clinton"
"911",176,25577,"2016-03-24","Hillary_Clinton"
"912",177,25348,"2016-03-25","Hillary_Clinton"
"913",178,23945,"2016-03-26","Hillary_Clinton"
"914",179,31886,"2016-03-27","Hillary_Clinton"
"915",180,28969,"2016-03-28","Hillary_Clinton"
"916",181,28503,"2016-03-29","Hillary_Clinton"
"917",182,28452,"2016-03-30","Hillary_Clinton"
"918",183,29562,"2016-03-31","Hillary_Clinton"
"919",184,25582,"2016-04-01","Hillary_Clinton"
"920",185,21198,"2016-04-02","Hillary_Clinton"
"921",186,22893,"2016-04-03","Hillary_Clinton"
"922",187,24196,"2016-04-04","Hillary_Clinton"
"923",188,27690,"2016-04-05","Hillary_Clinton"
"924",189,41684,"2016-04-06","Hillary_Clinton"
"925",190,35270,"2016-04-07","Hillary_Clinton"
"926",191,32841,"2016-04-08","Hillary_Clinton"
"927",192,24977,"2016-04-09","Hillary_Clinton"
"928",193,28996,"2016-04-10","Hillary_Clinton"
"929",194,29106,"2016-04-11","Hillary_Clinton"
"930",195,25475,"2016-04-12","Hillary_Clinton"
"931",196,24367,"2016-04-13","Hillary_Clinton"
"932",197,25653,"2016-04-14","Hillary_Clinton"
"933",198,47395,"2016-04-15","Hillary_Clinton"
"934",199,23831,"2016-04-16","Hillary_Clinton"
"935",200,23076,"2016-04-17","Hillary_Clinton"
"936",201,26924,"2016-04-18","Hillary_Clinton"
"937",202,40986,"2016-04-19","Hillary_Clinton"
"938",203,85505,"2016-04-20","Hillary_Clinton"
"939",204,32462,"2016-04-21","Hillary_Clinton"
"940",205,22398,"2016-04-22","Hillary_Clinton"
"941",206,19939,"2016-04-23","Hillary_Clinton"
"942",207,20063,"2016-04-24","Hillary_Clinton"
"943",208,21925,"2016-04-25","Hillary_Clinton"
"944",209,24666,"2016-04-26","Hillary_Clinton"
"945",210,48275,"2016-04-27","Hillary_Clinton"
"946",211,26948,"2016-04-28","Hillary_Clinton"
"947",212,20944,"2016-04-29","Hillary_Clinton"
"948",213,17332,"2016-04-30","Hillary_Clinton"
"949",214,22658,"2016-05-01","Hillary_Clinton"
"950",215,26015,"2016-05-02","Hillary_Clinton"
"951",216,26333,"2016-05-03","Hillary_Clinton"
"952",217,59190,"2016-05-04","Hillary_Clinton"
"953",218,47135,"2016-05-05","Hillary_Clinton"
"954",219,36870,"2016-05-06","Hillary_Clinton"
"955",220,29986,"2016-05-07","Hillary_Clinton"
"956",221,30854,"2016-05-08","Hillary_Clinton"
"957",222,29441,"2016-05-09","Hillary_Clinton"
"958",223,29167,"2016-05-10","Hillary_Clinton"
"959",224,31748,"2016-05-11","Hillary_Clinton"
"960",225,25548,"2016-05-12","Hillary_Clinton"
"961",226,23658,"2016-05-13","Hillary_Clinton"
"962",227,19040,"2016-05-14","Hillary_Clinton"
"963",228,20119,"2016-05-15","Hillary_Clinton"
"964",229,24286,"2016-05-16","Hillary_Clinton"
"965",230,25424,"2016-05-17","Hillary_Clinton"
"966",231,29527,"2016-05-18","Hillary_Clinton"
"967",232,26724,"2016-05-19","Hillary_Clinton"
"968",233,24330,"2016-05-20","Hillary_Clinton"
"969",234,18213,"2016-05-21","Hillary_Clinton"
"970",235,20965,"2016-05-22","Hillary_Clinton"
"971",236,22797,"2016-05-23","Hillary_Clinton"
"972",237,23131,"2016-05-24","Hillary_Clinton"
"973",238,25915,"2016-05-25","Hillary_Clinton"
"974",239,29429,"2016-05-26","Hillary_Clinton"
"975",240,24627,"2016-05-27","Hillary_Clinton"
"976",241,19465,"2016-05-28","Hillary_Clinton"
"977",242,18839,"2016-05-29","Hillary_Clinton"
"978",243,20436,"2016-05-30","Hillary_Clinton"
"979",244,20801,"2016-05-31","Hillary_Clinton"
"980",245,20763,"2016-06-01","Hillary_Clinton"
"981",1,532,"2015-10-01","Gary_Johnson"
"982",2,439,"2015-10-02","Gary_Johnson"
"983",3,441,"2015-10-03","Gary_Johnson"
"984",4,472,"2015-10-04","Gary_Johnson"
"985",5,503,"2015-10-05","Gary_Johnson"
"986",6,545,"2015-10-06","Gary_Johnson"
"987",7,554,"2015-10-07","Gary_Johnson"
"988",8,548,"2015-10-08","Gary_Johnson"
"989",9,676,"2015-10-09","Gary_Johnson"
"990",10,530,"2015-10-10","Gary_Johnson"
"991",11,518,"2015-10-11","Gary_Johnson"
"992",12,629,"2015-10-12","Gary_Johnson"
"993",13,804,"2015-10-13","Gary_Johnson"
"994",14,1399,"2015-10-14","Gary_Johnson"
"995",15,901,"2015-10-15","Gary_Johnson"
"996",16,709,"2015-10-16","Gary_Johnson"
"997",17,523,"2015-10-17","Gary_Johnson"
"998",18,526,"2015-10-18","Gary_Johnson"
"999",19,722,"2015-10-19","Gary_Johnson"
"1000",20,742,"2015-10-20","Gary_Johnson"
"1001",21,720,"2015-10-21","Gary_Johnson"
"1002",22,692,"2015-10-22","Gary_Johnson"
"1003",23,760,"2015-10-23","Gary_Johnson"
"1004",24,449,"2015-10-24","Gary_Johnson"
"1005",25,495,"2015-10-25","Gary_Johnson"
"1006",26,581,"2015-10-26","Gary_Johnson"
"1007",27,554,"2015-10-27","Gary_Johnson"
"1008",28,551,"2015-10-28","Gary_Johnson"
"1009",29,765,"2015-10-29","Gary_Johnson"
"1010",30,569,"2015-10-30","Gary_Johnson"
"1011",31,475,"2015-10-31","Gary_Johnson"
"1012",32,431,"2015-11-01","Gary_Johnson"
"1013",33,590,"2015-11-02","Gary_Johnson"
"1014",34,652,"2015-11-03","Gary_Johnson"
"1015",35,613,"2015-11-04","Gary_Johnson"
"1016",36,626,"2015-11-05","Gary_Johnson"
"1017",37,681,"2015-11-06","Gary_Johnson"
"1018",38,495,"2015-11-07","Gary_Johnson"
"1019",39,478,"2015-11-08","Gary_Johnson"
"1020",40,554,"2015-11-09","Gary_Johnson"
"1021",41,579,"2015-11-10","Gary_Johnson"
"1022",42,855,"2015-11-11","Gary_Johnson"
"1023",43,670,"2015-11-12","Gary_Johnson"
"1024",44,555,"2015-11-13","Gary_Johnson"
"1025",45,414,"2015-11-14","Gary_Johnson"
"1026",46,435,"2015-11-15","Gary_Johnson"
"1027",47,504,"2015-11-16","Gary_Johnson"
"1028",48,595,"2015-11-17","Gary_Johnson"
"1029",49,570,"2015-11-18","Gary_Johnson"
"1030",50,624,"2015-11-19","Gary_Johnson"
"1031",51,613,"2015-11-20","Gary_Johnson"
"1032",52,405,"2015-11-21","Gary_Johnson"
"1033",53,417,"2015-11-22","Gary_Johnson"
"1034",54,514,"2015-11-23","Gary_Johnson"
"1035",55,498,"2015-11-24","Gary_Johnson"
"1036",56,452,"2015-11-25","Gary_Johnson"
"1037",57,382,"2015-11-26","Gary_Johnson"
"1038",58,397,"2015-11-27","Gary_Johnson"
"1039",59,448,"2015-11-28","Gary_Johnson"
"1040",60,380,"2015-11-29","Gary_Johnson"
"1041",61,419,"2015-11-30","Gary_Johnson"
"1042",62,454,"2015-12-01","Gary_Johnson"
"1043",63,499,"2015-12-02","Gary_Johnson"
"1044",64,484,"2015-12-03","Gary_Johnson"
"1045",65,481,"2015-12-04","Gary_Johnson"
"1046",66,424,"2015-12-05","Gary_Johnson"
"1047",67,463,"2015-12-06","Gary_Johnson"
"1048",68,552,"2015-12-07","Gary_Johnson"
"1049",69,743,"2015-12-08","Gary_Johnson"
"1050",70,817,"2015-12-09","Gary_Johnson"
"1051",71,751,"2015-12-10","Gary_Johnson"
"1052",72,585,"2015-12-11","Gary_Johnson"
"1053",73,516,"2015-12-12","Gary_Johnson"
"1054",74,546,"2015-12-13","Gary_Johnson"
"1055",75,597,"2015-12-14","Gary_Johnson"
"1056",76,555,"2015-12-15","Gary_Johnson"
"1057",77,908,"2015-12-16","Gary_Johnson"
"1058",78,636,"2015-12-17","Gary_Johnson"
"1059",79,577,"2015-12-18","Gary_Johnson"
"1060",80,493,"2015-12-19","Gary_Johnson"
"1061",81,595,"2015-12-20","Gary_Johnson"
"1062",82,537,"2015-12-21","Gary_Johnson"
"1063",83,533,"2015-12-22","Gary_Johnson"
"1064",84,541,"2015-12-23","Gary_Johnson"
"1065",85,494,"2015-12-24","Gary_Johnson"
"1066",86,457,"2015-12-25","Gary_Johnson"
"1067",87,540,"2015-12-26","Gary_Johnson"
"1068",88,438,"2015-12-27","Gary_Johnson"
"1069",89,467,"2015-12-28","Gary_Johnson"
"1070",90,534,"2015-12-29","Gary_Johnson"
"1071",91,540,"2015-12-30","Gary_Johnson"
"1072",92,530,"2015-12-31","Gary_Johnson"
"1073",93,481,"2016-01-01","Gary_Johnson"
"1074",94,489,"2016-01-02","Gary_Johnson"
"1075",95,492,"2016-01-03","Gary_Johnson"
"1076",96,537,"2016-01-04","Gary_Johnson"
"1077",97,1118,"2016-01-05","Gary_Johnson"
"1078",98,6867,"2016-01-06","Gary_Johnson"
"1079",99,7114,"2016-01-07","Gary_Johnson"
"1080",100,2365,"2016-01-08","Gary_Johnson"
"1081",101,1708,"2016-01-09","Gary_Johnson"
"1082",102,1363,"2016-01-10","Gary_Johnson"
"1083",103,1284,"2016-01-11","Gary_Johnson"
"1084",104,1433,"2016-01-12","Gary_Johnson"
"1085",105,1491,"2016-01-13","Gary_Johnson"
"1086",106,1338,"2016-01-14","Gary_Johnson"
"1087",107,1626,"2016-01-15","Gary_Johnson"
"1088",108,1160,"2016-01-16","Gary_Johnson"
"1089",109,1118,"2016-01-17","Gary_Johnson"
"1090",110,1473,"2016-01-18","Gary_Johnson"
"1091",111,1343,"2016-01-19","Gary_Johnson"
"1092",112,1453,"2016-01-20","Gary_Johnson"
"1093",113,1435,"2016-01-21","Gary_Johnson"
"1094",114,1707,"2016-01-22","Gary_Johnson"
"1095",115,1275,"2016-01-23","Gary_Johnson"
"1096",116,1228,"2016-01-24","Gary_Johnson"
"1097",117,1204,"2016-01-25","Gary_Johnson"
"1098",118,1413,"2016-01-26","Gary_Johnson"
"1099",119,1495,"2016-01-27","Gary_Johnson"
"1100",120,1348,"2016-01-28","Gary_Johnson"
"1101",121,1658,"2016-01-29","Gary_Johnson"
"1102",122,1259,"2016-01-30","Gary_Johnson"
"1103",123,1342,"2016-01-31","Gary_Johnson"
"1104",124,1844,"2016-02-01","Gary_Johnson"
"1105",125,3039,"2016-02-02","Gary_Johnson"
"1106",126,3148,"2016-02-03","Gary_Johnson"
"1107",127,2522,"2016-02-04","Gary_Johnson"
"1108",128,1914,"2016-02-05","Gary_Johnson"
"1109",129,1810,"2016-02-06","Gary_Johnson"
"1110",130,1921,"2016-02-07","Gary_Johnson"
"1111",131,1620,"2016-02-08","Gary_Johnson"
"1112",132,1833,"2016-02-09","Gary_Johnson"
"1113",133,3531,"2016-02-10","Gary_Johnson"
"1114",134,2556,"2016-02-11","Gary_Johnson"
"1115",135,2009,"2016-02-12","Gary_Johnson"
"1116",136,1674,"2016-02-13","Gary_Johnson"
"1117",137,1601,"2016-02-14","Gary_Johnson"
"1118",138,1763,"2016-02-15","Gary_Johnson"
"1119",139,2003,"2016-02-16","Gary_Johnson"
"1120",140,2066,"2016-02-17","Gary_Johnson"
"1121",141,1991,"2016-02-18","Gary_Johnson"
"1122",142,1964,"2016-02-19","Gary_Johnson"
"1123",143,1752,"2016-02-20","Gary_Johnson"
"1124",144,2758,"2016-02-21","Gary_Johnson"
"1125",145,2481,"2016-02-22","Gary_Johnson"
"1126",146,2275,"2016-02-23","Gary_Johnson"
"1127",147,2994,"2016-02-24","Gary_Johnson"
"1128",148,2750,"2016-02-25","Gary_Johnson"
"1129",149,3023,"2016-02-26","Gary_Johnson"
"1130",150,2474,"2016-02-27","Gary_Johnson"
"1131",151,2720,"2016-02-28","Gary_Johnson"
"1132",152,3020,"2016-02-29","Gary_Johnson"
"1133",153,5910,"2016-03-01","Gary_Johnson"
"1134",154,7832,"2016-03-02","Gary_Johnson"
"1135",155,8297,"2016-03-03","Gary_Johnson"
"1136",156,6745,"2016-03-04","Gary_Johnson"
"1137",157,4082,"2016-03-05","Gary_Johnson"
"1138",158,5029,"2016-03-06","Gary_Johnson"
"1139",159,4447,"2016-03-07","Gary_Johnson"
"1140",160,3884,"2016-03-08","Gary_Johnson"
"1141",161,4372,"2016-03-09","Gary_Johnson"
"1142",162,3260,"2016-03-10","Gary_Johnson"
"1143",163,3560,"2016-03-11","Gary_Johnson"
"1144",164,3029,"2016-03-12","Gary_Johnson"
"1145",165,2992,"2016-03-13","Gary_Johnson"
"1146",166,3370,"2016-03-14","Gary_Johnson"
"1147",167,4834,"2016-03-15","Gary_Johnson"
"1148",168,8478,"2016-03-16","Gary_Johnson"
"1149",169,4673,"2016-03-17","Gary_Johnson"
"1150",170,3558,"2016-03-18","Gary_Johnson"
"1151",171,3121,"2016-03-19","Gary_Johnson"
"1152",172,3516,"2016-03-20","Gary_Johnson"
"1153",173,3179,"2016-03-21","Gary_Johnson"
"1154",174,3522,"2016-03-22","Gary_Johnson"
"1155",175,3381,"2016-03-23","Gary_Johnson"
"1156",176,3643,"2016-03-24","Gary_Johnson"
"1157",177,4388,"2016-03-25","Gary_Johnson"
"1158",178,6011,"2016-03-26","Gary_Johnson"
"1159",179,5281,"2016-03-27","Gary_Johnson"
"1160",180,4696,"2016-03-28","Gary_Johnson"
"1161",181,4042,"2016-03-29","Gary_Johnson"
"1162",182,4080,"2016-03-30","Gary_Johnson"
"1163",183,4110,"2016-03-31","Gary_Johnson"
"1164",184,3479,"2016-04-01","Gary_Johnson"
"1165",185,3849,"2016-04-02","Gary_Johnson"
"1166",186,2690,"2016-04-03","Gary_Johnson"
"1167",187,2434,"2016-04-04","Gary_Johnson"
"1168",188,3649,"2016-04-05","Gary_Johnson"
"1169",189,3998,"2016-04-06","Gary_Johnson"
"1170",190,2502,"2016-04-07","Gary_Johnson"
"1171",191,2543,"2016-04-08","Gary_Johnson"
"1172",192,2393,"2016-04-09","Gary_Johnson"
"1173",193,2301,"2016-04-10","Gary_Johnson"
"1174",194,2387,"2016-04-11","Gary_Johnson"
"1175",195,2265,"2016-04-12","Gary_Johnson"
"1176",196,2034,"2016-04-13","Gary_Johnson"
"1177",197,2690,"2016-04-14","Gary_Johnson"
"1178",198,2135,"2016-04-15","Gary_Johnson"
"1179",199,1660,"2016-04-16","Gary_Johnson"
"1180",200,1625,"2016-04-17","Gary_Johnson"
"1181",201,1786,"2016-04-18","Gary_Johnson"
"1182",202,2114,"2016-04-19","Gary_Johnson"
"1183",203,3293,"2016-04-20","Gary_Johnson"
"1184",204,2462,"2016-04-21","Gary_Johnson"
"1185",205,1927,"2016-04-22","Gary_Johnson"
"1186",206,2983,"2016-04-23","Gary_Johnson"
"1187",207,1982,"2016-04-24","Gary_Johnson"
"1188",208,1794,"2016-04-25","Gary_Johnson"
"1189",209,2310,"2016-04-26","Gary_Johnson"
"1190",210,3934,"2016-04-27","Gary_Johnson"
"1191",211,2672,"2016-04-28","Gary_Johnson"
"1192",212,2290,"2016-04-29","Gary_Johnson"
"1193",213,2074,"2016-04-30","Gary_Johnson"
"1194",214,1992,"2016-05-01","Gary_Johnson"
"1195",215,2399,"2016-05-02","Gary_Johnson"
"1196",216,3137,"2016-05-03","Gary_Johnson"
"1197",217,20369,"2016-05-04","Gary_Johnson"
"1198",218,15161,"2016-05-05","Gary_Johnson"
"1199",219,13605,"2016-05-06","Gary_Johnson"
"1200",220,11032,"2016-05-07","Gary_Johnson"
"1201",221,10930,"2016-05-08","Gary_Johnson"
"1202",222,9568,"2016-05-09","Gary_Johnson"
"1203",223,8265,"2016-05-10","Gary_Johnson"
"1204",224,6272,"2016-05-11","Gary_Johnson"
"1205",225,4900,"2016-05-12","Gary_Johnson"
"1206",226,3946,"2016-05-13","Gary_Johnson"
"1207",227,3399,"2016-05-14","Gary_Johnson"
"1208",228,3198,"2016-05-15","Gary_Johnson"
"1209",229,3691,"2016-05-16","Gary_Johnson"
"1210",230,5959,"2016-05-17","Gary_Johnson"
"1211",231,8944,"2016-05-18","Gary_Johnson"
"1212",232,14645,"2016-05-19","Gary_Johnson"
"1213",233,11003,"2016-05-20","Gary_Johnson"
"1214",234,10557,"2016-05-21","Gary_Johnson"
"1215",235,10171,"2016-05-22","Gary_Johnson"
"1216",236,9864,"2016-05-23","Gary_Johnson"
"1217",237,7868,"2016-05-24","Gary_Johnson"
"1218",238,8211,"2016-05-25","Gary_Johnson"
"1219",239,8670,"2016-05-26","Gary_Johnson"
"1220",240,9787,"2016-05-27","Gary_Johnson"
"1221",241,9335,"2016-05-28","Gary_Johnson"
"1222",242,26052,"2016-05-29","Gary_Johnson"
"1223",243,37613,"2016-05-30","Gary_Johnson"
"1224",244,22533,"2016-05-31","Gary_Johnson"
"1225",245,22282,"2016-06-01","Gary_Johnson"
